metric_name,treatment_a,treatment_b,ci_low,ci_high,alpha,achieved_alpha,method,n_pairs
avg_waiting,a2c__mask_false,dqn__mask_false,-81545.902522,6557.887324,0.050000,0.048828,exact,10
avg_waiting,a2c__mask_false,maskable_a2c__mask_true,-122511268.398619,30.493117,0.050000,0.048828,exact,10
avg_waiting,a2c__mask_false,maskable_dqn__mask_true,-72298.748780,-10659.195479,0.050000,0.048828,exact,10
avg_waiting,a2c__mask_false,maskable_ppo__mask_true,-40.659839,17238.226708,0.050000,0.048828,exact,10
avg_waiting,a2c__mask_false,ppo__mask_false,-11.898716,17271.050708,0.050000,0.048828,exact,10
avg_waiting,dqn__mask_false,maskable_a2c__mask_true,-122500310.347210,498.157498,0.050000,0.048828,exact,10
avg_waiting,dqn__mask_false,maskable_dqn__mask_true,-72929.693125,18002.445788,0.050000,0.048828,exact,10
avg_waiting,dqn__mask_false,maskable_ppo__mask_true,-30.044239,81542.540536,0.050000,0.048828,exact,10
avg_waiting,dqn__mask_false,ppo__mask_false,-0.668612,81574.877550,0.050000,0.048828,exact,10
avg_waiting,maskable_a2c__mask_true,maskable_dqn__mask_true,-47940.960336,122424827.172969,0.050000,0.048828,exact,10
avg_waiting,maskable_a2c__mask_true,maskable_ppo__mask_true,-16.343735,122511247.578538,0.050000,0.048828,exact,10
avg_waiting,maskable_a2c__mask_true,ppo__mask_false,12.851297,122511277.068802,0.050000,0.048828,exact,10
avg_waiting,maskable_dqn__mask_true,maskable_ppo__mask_true,10662.030923,74170.494751,0.050000,0.048828,exact,10
avg_waiting,maskable_dqn__mask_true,ppo__mask_false,10682.411646,74212.016438,0.050000,0.048828,exact,10
avg_waiting,maskable_ppo__mask_true,ppo__mask_false,20.882227,34.898628,0.050000,0.048828,exact,10
avg_slowdown,a2c__mask_false,dqn__mask_false,-1773.876557,0.028364,0.050000,0.048828,exact,10
avg_slowdown,a2c__mask_false,maskable_a2c__mask_true,-3350155.130916,0.137900,0.050000,0.048828,exact,10
avg_slowdown,a2c__mask_false,maskable_dqn__mask_true,-1411.067627,-123.102349,0.050000,0.048828,exact,10
avg_slowdown,a2c__mask_false,maskable_ppo__mask_true,0.012043,314.441155,0.050000,0.048828,exact,10
avg_slowdown,a2c__mask_false,ppo__mask_false,-0.006704,314.442007,0.050000,0.048828,exact,10
avg_slowdown,dqn__mask_false,maskable_a2c__mask_true,-3349715.085770,2.076330,0.050000,0.048828,exact,10
avg_slowdown,dqn__mask_false,maskable_dqn__mask_true,-1260.530087,754.119491,0.050000,0.048828,exact,10
avg_slowdown,dqn__mask_false,maskable_ppo__mask_true,0.016830,1773.916269,0.050000,0.048828,exact,10
avg_slowdown,dqn__mask_false,ppo__mask_false,0.000715,1773.895417,0.050000,0.048828,exact,10
avg_slowdown,maskable_a2c__mask_true,maskable_dqn__mask_true,-979.929737,3348503.355790,0.050000,0.048828,exact,10
avg_slowdown,maskable_a2c__mask_true,maskable_ppo__mask_true,-0.052470,3350155.149465,0.050000,0.048828,exact,10
avg_slowdown,maskable_a2c__mask_true,ppo__mask_false,-0.061618,3350155.150429,0.050000,0.048828,exact,10
avg_slowdown,maskable_dqn__mask_true,maskable_ppo__mask_true,173.745742,1434.586978,0.050000,0.048828,exact,10
avg_slowdown,maskable_dqn__mask_true,ppo__mask_false,173.725038,1434.543786,0.050000,0.048828,exact,10
avg_slowdown,maskable_ppo__mask_true,ppo__mask_false,-0.049010,0.000612,0.050000,0.048828,exact,10
max_waiting,a2c__mask_false,dqn__mask_false,-12504473.500000,0.000000,0.050000,0.048828,exact,10
max_waiting,a2c__mask_false,maskable_a2c__mask_true,-255502814.000000,-368.000000,0.050000,0.048828,exact,10
max_waiting,a2c__mask_false,maskable_dqn__mask_true,-27760581.000000,-9727094.500000,0.050000,0.048828,exact,10
max_waiting,a2c__mask_false,maskable_ppo__mask_true,-878.500000,2454739.000000,0.050000,0.048828,exact,10
max_waiting,a2c__mask_false,ppo__mask_false,-39.000000,2455482.000000,0.050000,0.048828,exact,10
max_waiting,dqn__mask_false,maskable_a2c__mask_true,-241841153.000000,9723145.500000,0.050000,0.048828,exact,10
max_waiting,dqn__mask_false,maskable_dqn__mask_true,-26802771.500000,-3460776.000000,0.050000,0.048828,exact,10
max_waiting,dqn__mask_false,maskable_ppo__mask_true,-802.000000,12503705.500000,0.050000,0.048828,exact,10
max_waiting,dqn__mask_false,ppo__mask_false,0.000000,12504473.500000,0.050000,0.048828,exact,10
max_waiting,maskable_a2c__mask_true,maskable_dqn__mask_true,-26994573.500000,225036240.000000,0.050000,0.048828,exact,10
max_waiting,maskable_a2c__mask_true,maskable_ppo__mask_true,-218.500000,255502124.000000,0.050000,0.048828,exact,10
max_waiting,maskable_a2c__mask_true,ppo__mask_false,598.500000,255502897.000000,0.050000,0.048828,exact,10
max_waiting,maskable_dqn__mask_true,maskable_ppo__mask_true,9726264.000000,28942357.000000,0.050000,0.048828,exact,10
max_waiting,maskable_dqn__mask_true,ppo__mask_false,9727094.500000,28943026.500000,0.050000,0.048828,exact,10
max_waiting,maskable_ppo__mask_true,ppo__mask_false,640.000000,864.500000,0.050000,0.048828,exact,10
max_slowdown,a2c__mask_false,dqn__mask_false,-1216208.900000,49104.750000,0.050000,0.048828,exact,10
max_slowdown,a2c__mask_false,maskable_a2c__mask_true,-25413908.600000,647.500000,0.050000,0.048828,exact,10
max_slowdown,a2c__mask_false,maskable_dqn__mask_true,-1863524.500000,-348467.250000,0.050000,0.048828,exact,10
max_slowdown,a2c__mask_false,maskable_ppo__mask_true,1.600000,196033.000000,0.050000,0.048828,exact,10
max_slowdown,a2c__mask_false,ppo__mask_false,0.000000,196055.150000,0.050000,0.048828,exact,10
max_slowdown,dqn__mask_false,maskable_a2c__mask_true,-24152471.612963,90417.274074,0.050000,0.048828,exact,10
max_slowdown,dqn__mask_false,maskable_dqn__mask_true,-1615421.300000,-145551.383334,0.050000,0.048828,exact,10
max_slowdown,dqn__mask_false,maskable_ppo__mask_true,3.850000,1216592.750000,0.050000,0.048828,exact,10
max_slowdown,dqn__mask_false,ppo__mask_false,0.000000,1216552.100000,0.050000,0.048828,exact,10
max_slowdown,maskable_a2c__mask_true,maskable_dqn__mask_true,-1606948.000000,22948580.650000,0.050000,0.048828,exact,10
max_slowdown,maskable_a2c__mask_true,maskable_ppo__mask_true,-23.200000,25414246.350000,0.050000,0.048828,exact,10
max_slowdown,maskable_a2c__mask_true,ppo__mask_false,-34.300000,25414203.900000,0.050000,0.048828,exact,10
max_slowdown,maskable_dqn__mask_true,maskable_ppo__mask_true,348461.400000,1951913.158333,0.050000,0.048828,exact,10
max_slowdown,maskable_dqn__mask_true,ppo__mask_false,348467.250000,1951909.308334,0.050000,0.048828,exact,10
max_slowdown,maskable_ppo__mask_true,ppo__mask_false,-74.700000,12.100000,0.050000,0.048828,exact,10
avg_turnaround,a2c__mask_false,dqn__mask_false,-81535.596866,6658.977664,0.050000,0.048828,exact,10
avg_turnaround,a2c__mask_false,maskable_a2c__mask_true,-122511401.212249,-96.470859,0.050000,0.048828,exact,10
avg_turnaround,a2c__mask_false,maskable_dqn__mask_true,-72445.141930,-10808.614224,0.050000,0.048828,exact,10
avg_turnaround,a2c__mask_false,maskable_ppo__mask_true,-193.434764,17166.297435,0.050000,0.048828,exact,10
avg_turnaround,a2c__mask_false,ppo__mask_false,-33.398663,17334.603079,0.050000,0.048828,exact,10
avg_turnaround,dqn__mask_false,maskable_a2c__mask_true,-122500487.137181,346.473527,0.050000,0.048828,exact,10
avg_turnaround,dqn__mask_false,maskable_dqn__mask_true,-73100.274921,17845.219408,0.050000,0.048828,exact,10
avg_turnaround,dqn__mask_false,maskable_ppo__mask_true,-186.337997,81381.690011,0.050000,0.048828,exact,10
avg_turnaround,dqn__mask_false,ppo__mask_false,-20.153549,81543.003870,0.050000,0.048828,exact,10
avg_turnaround,maskable_a2c__mask_true,maskable_dqn__mask_true,-47940.960335,122424827.172969,0.050000,0.048828,exact,10
avg_turnaround,maskable_a2c__mask_true,maskable_ppo__mask_true,-16.343734,122511247.578538,0.050000,0.048828,exact,10
avg_turnaround,maskable_a2c__mask_true,ppo__mask_false,142.747162,122511420.893196,0.050000,0.048828,exact,10
avg_turnaround,maskable_dqn__mask_true,maskable_ppo__mask_true,10662.030923,74170.494751,0.050000,0.048828,exact,10
avg_turnaround,maskable_dqn__mask_true,ppo__mask_false,10844.909491,74356.783331,0.050000,0.048828,exact,10
avg_turnaround,maskable_ppo__mask_true,ppo__mask_false,150.907656,191.004385,0.050000,0.048828,exact,10
cpu_utilization,a2c__mask_false,dqn__mask_false,-0.001097,0.002541,0.050000,0.048828,exact,10
cpu_utilization,a2c__mask_false,maskable_a2c__mask_true,-0.001997,0.053641,0.050000,0.048828,exact,10
cpu_utilization,a2c__mask_false,maskable_dqn__mask_true,0.002505,0.009709,0.050000,0.048828,exact,10
cpu_utilization,a2c__mask_false,maskable_ppo__mask_true,-0.002947,-0.001459,0.050000,0.048828,exact,10
cpu_utilization,a2c__mask_false,ppo__mask_false,-0.001356,0.000024,0.050000,0.048828,exact,10
cpu_utilization,dqn__mask_false,maskable_a2c__mask_true,-0.003133,0.053372,0.050000,0.048828,exact,10
cpu_utilization,dqn__mask_false,maskable_dqn__mask_true,0.000230,0.010051,0.050000,0.048828,exact,10
cpu_utilization,dqn__mask_false,maskable_ppo__mask_true,-0.004057,-0.001381,0.050000,0.048828,exact,10
cpu_utilization,dqn__mask_false,ppo__mask_false,-0.002791,0.000047,0.050000,0.048828,exact,10
cpu_utilization,maskable_a2c__mask_true,maskable_dqn__mask_true,-0.042123,0.010527,0.050000,0.048828,exact,10
cpu_utilization,maskable_a2c__mask_true,maskable_ppo__mask_true,-0.055315,0.000000,0.050000,0.048828,exact,10
cpu_utilization,maskable_a2c__mask_true,ppo__mask_false,-0.053731,0.001550,0.050000,0.048828,exact,10
cpu_utilization,maskable_dqn__mask_true,maskable_ppo__mask_true,-0.011768,-0.004375,0.050000,0.048828,exact,10
cpu_utilization,maskable_dqn__mask_true,ppo__mask_false,-0.010197,-0.002987,0.050000,0.048828,exact,10
cpu_utilization,maskable_ppo__mask_true,ppo__mask_false,0.001257,0.001579,0.050000,0.048828,exact,10
gpu_utilization,a2c__mask_false,dqn__mask_false,-0.001027,0.005137,0.050000,0.048828,exact,10
gpu_utilization,a2c__mask_false,maskable_a2c__mask_true,-0.006079,0.117189,0.050000,0.048828,exact,10
gpu_utilization,a2c__mask_false,maskable_dqn__mask_true,0.004034,0.019676,0.050000,0.048828,exact,10
gpu_utilization,a2c__mask_false,maskable_ppo__mask_true,-0.007749,-0.005431,0.050000,0.048828,exact,10
gpu_utilization,a2c__mask_false,ppo__mask_false,-0.001980,0.000068,0.050000,0.048828,exact,10
gpu_utilization,dqn__mask_false,maskable_a2c__mask_true,-0.009016,0.116066,0.050000,0.048828,exact,10
gpu_utilization,dqn__mask_false,maskable_dqn__mask_true,-0.001528,0.020124,0.050000,0.048828,exact,10
gpu_utilization,dqn__mask_false,maskable_ppo__mask_true,-0.010994,-0.005294,0.050000,0.048828,exact,10
gpu_utilization,dqn__mask_false,ppo__mask_false,-0.006051,0.000101,0.050000,0.048828,exact,10
gpu_utilization,maskable_a2c__mask_true,maskable_dqn__mask_true,-0.093839,0.023451,0.050000,0.048828,exact,10
gpu_utilization,maskable_a2c__mask_true,maskable_ppo__mask_true,-0.123228,0.000000,0.050000,0.048828,exact,10
gpu_utilization,maskable_a2c__mask_true,ppo__mask_false,-0.117325,0.005853,0.050000,0.048828,exact,10
gpu_utilization,maskable_dqn__mask_true,maskable_ppo__mask_true,-0.026215,-0.009747,0.050000,0.048828,exact,10
gpu_utilization,maskable_dqn__mask_true,ppo__mask_false,-0.020846,-0.004430,0.050000,0.048828,exact,10
gpu_utilization,maskable_ppo__mask_true,ppo__mask_false,0.004617,0.005895,0.050000,0.048828,exact,10
episode_reward,a2c__mask_false,dqn__mask_false,-3340011.337123,3655211.210473,0.050000,0.048828,exact,10
episode_reward,a2c__mask_false,maskable_a2c__mask_true,-8513815.710109,25853971.032159,0.050000,0.048828,exact,10
episode_reward,a2c__mask_false,maskable_dqn__mask_true,-8463215.317985,-4381492.051432,0.050000,0.048828,exact,10
episode_reward,a2c__mask_false,maskable_ppo__mask_true,-8517274.858269,-4543306.616086,0.050000,0.048828,exact,10
episode_reward,a2c__mask_false,ppo__mask_false,-8120.211442,3953229.443852,0.050000,0.048828,exact,10
episode_reward,dqn__mask_false,maskable_a2c__mask_true,-8524643.455530,26148313.591742,0.050000,0.048828,exact,10
episode_reward,dqn__mask_false,maskable_dqn__mask_true,-8463519.703289,-5020653.751591,0.050000,0.048828,exact,10
episode_reward,dqn__mask_false,maskable_ppo__mask_true,-8526000.581943,-5168629.463566,0.050000,0.048828,exact,10
episode_reward,dqn__mask_false,ppo__mask_false,-12919.073897,3367475.542114,0.050000,0.048828,exact,10
episode_reward,maskable_a2c__mask_true,maskable_dqn__mask_true,-34169456.841527,190816.604007,0.050000,0.048828,exact,10
episode_reward,maskable_a2c__mask_true,maskable_ppo__mask_true,-34357568.825127,1.253739,0.050000,0.048828,exact,10
episode_reward,maskable_a2c__mask_true,ppo__mask_false,-25834985.342887,8528031.623838,0.050000,0.048828,exact,10
episode_reward,maskable_dqn__mask_true,maskable_ppo__mask_true,-201954.026527,-49667.077075,0.050000,0.048828,exact,10
episode_reward,maskable_dqn__mask_true,ppo__mask_false,8299101.400824,8467196.206038,0.050000,0.048828,exact,10
episode_reward,maskable_ppo__mask_true,ppo__mask_false,8499797.204175,8530089.196927,0.050000,0.048828,exact,10
decision_latency_mean_ms,a2c__mask_false,dqn__mask_false,2.702618,4.210996,0.050000,0.048828,exact,10
decision_latency_mean_ms,a2c__mask_false,maskable_a2c__mask_true,-0.665702,0.283452,0.050000,0.048828,exact,10
decision_latency_mean_ms,a2c__mask_false,maskable_dqn__mask_true,4.003583,4.711324,0.050000,0.048828,exact,10
decision_latency_mean_ms,a2c__mask_false,maskable_ppo__mask_true,-0.366399,0.371128,0.050000,0.048828,exact,10
decision_latency_mean_ms,a2c__mask_false,ppo__mask_false,-0.181598,0.513521,0.050000,0.048828,exact,10
decision_latency_mean_ms,dqn__mask_false,maskable_a2c__mask_true,-4.882902,-2.302012,0.050000,0.048828,exact,10
decision_latency_mean_ms,dqn__mask_false,maskable_dqn__mask_true,-0.036993,2.145111,0.050000,0.048828,exact,10
decision_latency_mean_ms,dqn__mask_false,maskable_ppo__mask_true,-4.539994,-2.210473,0.050000,0.048828,exact,10
decision_latency_mean_ms,dqn__mask_false,ppo__mask_false,-4.238640,-2.040365,0.050000,0.048828,exact,10
decision_latency_mean_ms,maskable_a2c__mask_true,maskable_dqn__mask_true,4.158146,4.859424,0.050000,0.048828,exact,10
decision_latency_mean_ms,maskable_a2c__mask_true,maskable_ppo__mask_true,-0.170498,0.569991,0.050000,0.048828,exact,10
decision_latency_mean_ms,maskable_a2c__mask_true,ppo__mask_false,-0.001631,0.783473,0.050000,0.048828,exact,10
decision_latency_mean_ms,maskable_dqn__mask_true,maskable_ppo__mask_true,-4.500638,-4.137414,0.050000,0.048828,exact,10
decision_latency_mean_ms,maskable_dqn__mask_true,ppo__mask_false,-4.218293,-3.941476,0.050000,0.048828,exact,10
decision_latency_mean_ms,maskable_ppo__mask_true,ppo__mask_false,0.088196,0.399516,0.050000,0.048828,exact,10
eval_wall_s,a2c__mask_false,dqn__mask_false,1613.055802,3504.510030,0.050000,0.048828,exact,10
eval_wall_s,a2c__mask_false,maskable_a2c__mask_true,2675.219187,4720.704687,0.050000,0.048828,exact,10
eval_wall_s,a2c__mask_false,maskable_dqn__mask_true,4081.436463,5288.372638,0.050000,0.048828,exact,10
eval_wall_s,a2c__mask_false,maskable_ppo__mask_true,3786.892586,5089.845526,0.050000,0.048828,exact,10
eval_wall_s,a2c__mask_false,ppo__mask_false,-568.780408,1581.921651,0.050000,0.048828,exact,10
eval_wall_s,dqn__mask_false,maskable_a2c__mask_true,152.736611,2272.379243,0.050000,0.048828,exact,10
eval_wall_s,dqn__mask_false,maskable_dqn__mask_true,1508.541342,2771.762057,0.050000,0.048828,exact,10
eval_wall_s,dqn__mask_false,maskable_ppo__mask_true,1180.411505,2510.640591,0.050000,0.048828,exact,10
eval_wall_s,dqn__mask_false,ppo__mask_false,-2991.507765,-1025.703736,0.050000,0.048828,exact,10
eval_wall_s,maskable_a2c__mask_true,maskable_dqn__mask_true,247.379233,2659.770547,0.050000,0.048828,exact,10
eval_wall_s,maskable_a2c__mask_true,maskable_ppo__mask_true,-11.048894,2494.955142,0.050000,0.048828,exact,10
eval_wall_s,maskable_a2c__mask_true,ppo__mask_false,-4478.874546,-2103.458600,0.050000,0.048828,exact,10
eval_wall_s,maskable_dqn__mask_true,maskable_ppo__mask_true,-368.722451,-178.104286,0.050000,0.048828,exact,10
eval_wall_s,maskable_dqn__mask_true,ppo__mask_false,-4761.489888,-3453.854578,0.050000,0.048828,exact,10
eval_wall_s,maskable_ppo__mask_true,ppo__mask_false,-4529.733315,-3203.374657,0.050000,0.048828,exact,10
